dataset,variant,shot,seed_id,name,baseline_image_auroc,candidate_image_auroc,delta_image_auroc,image_auroc_ci_low,image_auroc_ci_high,baseline_fpr,candidate_fpr,delta_fpr,fpr_ci_low,fpr_ci_high
mvtec,fused_vs_zero_shot,1,0,mvtec_fused_shot1_seed0_vs_zero,0.8633533394838345,0.8725161110222202,0.009162771538385628,-0.008776464460429673,0.026222369554338258,0.6552462526766595,0.5374732334047109,-0.11777301927194861,-0.20990364025695923,-0.0019271948608136705
mvtec,fused_vs_zero_shot,1,1,mvtec_fused_shot1_seed1_vs_zero,0.8633533394838345,0.8805111951603953,0.017157855676560807,0.0015384621931416405,0.03369505826521827,0.6552462526766595,0.5438972162740899,-0.11134903640256955,-0.20776231263383305,-0.023233404710920766
mvtec,fused_vs_zero_shot,1,2,mvtec_fused_shot1_seed2_vs_zero,0.8633533394838345,0.880558855870608,0.01720551638677348,-0.0010918983601311497,0.03379872030993082,0.6552462526766595,0.5182012847965739,-0.13704496788008558,-0.2313704496788008,-0.03629550321199146
mvtec,fused_vs_zero_shot,2,0,mvtec_fused_shot2_seed0_vs_zero,0.8633533394838345,0.8742080662347699,0.01085472675093535,-0.007892528502806948,0.02785811066136046,0.6552462526766595,0.5417558886509636,-0.1134903640256959,-0.21220556745182015,0.002194860813704523
mvtec,fused_vs_zero_shot,2,1,mvtec_fused_shot2_seed1_vs_zero,0.8633533394838345,0.888570961691002,0.0252176222071675,0.007112084373074443,0.043555463449341865,0.6552462526766595,0.5160599571734475,-0.13918629550321193,-0.2527301927194861,-0.012794432548179952
mvtec,fused_vs_zero_shot,2,2,mvtec_fused_shot2_seed2_vs_zero,0.8633533394838345,0.8741382773376727,0.010784937853838161,-0.005349744504549948,0.027366822358319963,0.6552462526766595,0.5224839400428265,-0.13276231263383298,-0.22922912205567456,-0.031959314775160584
mvtec,fused_vs_zero_shot,4,0,mvtec_fused_shot4_seed0_vs_zero,0.8633533394838345,0.872703349526627,0.009350010042792456,-0.00857241704483163,0.025799550968023017,0.6552462526766595,0.4689507494646681,-0.1862955032119914,-0.2827087794432548,-0.08768736616702352
mvtec,fused_vs_zero_shot,4,1,mvtec_fused_shot4_seed1_vs_zero,0.8633533394838345,0.8891565075593291,0.025803168075494542,0.008297942419053383,0.04877290692884596,0.6552462526766595,0.5160599571734475,-0.13918629550321193,-0.24421841541755882,-0.036402569593147804
mvtec,fused_vs_zero_shot,4,2,mvtec_fused_shot4_seed2_vs_zero,0.8633533394838345,0.8792209516482095,0.015867612164374933,-0.0018122133974255595,0.03407528009178082,0.6552462526766595,0.5310492505353319,-0.12419700214132756,-0.2164346895074946,-0.023286937901498824
mvtec,score_blend_vs_zero_shot,1,0,mvtec_score_blend_shot1_seed0_vs_zero,0.8633533394838345,0.8976520291547373,0.03429868967090277,0.023107359154090477,0.0458567523311193,0.6552462526766595,0.49464668094218417,-0.1605995717344753,-0.23554603854389716,-0.05781584582441113
mvtec,score_blend_vs_fused,1,0,mvtec_score_blend_shot1_seed0_vs_fused,0.8725161110222202,0.8976520291547373,0.025135918132517143,0.016229450574141345,0.033157258215515,0.5374732334047109,0.49464668094218417,-0.0428265524625267,-0.09427194860813708,0.01498929336188437
mvtec,score_blend_vs_zero_shot,1,1,mvtec_score_blend_shot1_seed1_vs_zero,0.8633533394838345,0.8951685657190129,0.03181522623517841,0.023429579598492498,0.043753851155602076,0.6552462526766595,0.49678800856531047,-0.158458244111349,-0.24625267665952888,-0.07489293361884368
mvtec,score_blend_vs_fused,1,1,mvtec_score_blend_shot1_seed1_vs_fused,0.8805111951603953,0.8951685657190129,0.0146573705586176,0.007773078847836397,0.021916437157651368,0.5438972162740899,0.49678800856531047,-0.047109207708779466,-0.10064239828693788,0.03431477516059951
mvtec,score_blend_vs_zero_shot,1,2,mvtec_score_blend_shot1_seed2_vs_zero,0.8633533394838345,0.897657135659403,0.034303796175568446,0.024699780079865754,0.04367027469590759,0.6552462526766595,0.49678800856531047,-0.158458244111349,-0.2527301927194861,-0.07494646680942185
mvtec,score_blend_vs_fused,1,2,mvtec_score_blend_shot1_seed2_vs_fused,0.880558855870608,0.897657135659403,0.017098279788794968,0.009125196174887554,0.024864805288977075,0.5182012847965739,0.49678800856531047,-0.021413276231263434,-0.0728586723768737,0.03436830835117779
mvtec,score_blend_vs_zero_shot,2,0,mvtec_score_blend_shot2_seed0_vs_zero,0.8633533394838345,0.8967992428755749,0.03344590339174036,0.02295697259168722,0.04424262876051519,0.6552462526766595,0.5289079229122056,-0.12633832976445392,-0.21643468950749464,-0.04486081370449677
mvtec,score_blend_vs_fused,2,0,mvtec_score_blend_shot2_seed0_vs_fused,0.8742080662347699,0.8967992428755749,0.02259117664080501,0.01592595398017994,0.03151790000102132,0.5417558886509636,0.5289079229122056,-0.012847965738758016,-0.06429336188436828,0.03854389721627405
mvtec,score_blend_vs_zero_shot,2,1,mvtec_score_blend_shot2_seed1_vs_zero,0.8633533394838345,0.900103151394246,0.03674981191041149,0.026935280159867667,0.04659847213380399,0.6552462526766595,0.5117773019271948,-0.14346895074946464,-0.21423982869379007,-0.05342612419700208
mvtec,score_blend_vs_fused,2,1,mvtec_score_blend_shot2_seed1_vs_fused,0.888570961691002,0.900103151394246,0.011532189703243989,0.00459321583833492,0.019229266739973366,0.5160599571734475,0.5117773019271948,-0.004282655246252709,-0.057922912205567376,0.0793361884368308
mvtec,score_blend_vs_zero_shot,2,2,mvtec_score_blend_shot2_seed2_vs_zero,0.8633533394838345,0.896625621716943,0.03327228223310852,0.0235213690198576,0.044053219991625356,0.6552462526766595,0.5053533190578159,-0.1498929336188436,-0.220610278372591,-0.047109207708779466
mvtec,score_blend_vs_fused,2,2,mvtec_score_blend_shot2_seed2_vs_fused,0.8741382773376727,0.896625621716943,0.022487344379270358,0.014002674106276605,0.031068144602594758,0.5224839400428265,0.5053533190578159,-0.017130620985010614,-0.06225910064239823,0.04282655246252676
mvtec,score_blend_vs_zero_shot,4,0,mvtec_score_blend_shot4_seed0_vs_zero,0.8633533394838345,0.8994767534885938,0.03612341400475927,0.026069046751752364,0.046695197843012404,0.6552462526766595,0.44325481798715205,-0.21199143468950743,-0.291220556745182,-0.12628479657387587
mvtec,score_blend_vs_fused,4,0,mvtec_score_blend_shot4_seed0_vs_fused,0.872703349526627,0.8994767534885938,0.026773403961966813,0.018841044722767937,0.0344843536697045,0.4689507494646681,0.44325481798715205,-0.025695931477516032,-0.06215203426124199,0.027837259100642386
mvtec,score_blend_vs_zero_shot,4,1,mvtec_score_blend_shot4_seed1_vs_zero,0.8633533394838345,0.9022563941949255,0.03890305471109101,0.03049162022584368,0.04963326785659565,0.6552462526766595,0.47109207708779444,-0.18415417558886504,-0.282762312633833,-0.1153640256959314
mvtec,score_blend_vs_fused,4,1,mvtec_score_blend_shot4_seed1_vs_fused,0.8891565075593291,0.9022563941949255,0.01309988663559647,0.004853732684693715,0.02157098211702067,0.5160599571734475,0.47109207708779444,-0.04496788008565311,-0.09004282655246253,0.006423982869378954
mvtec,score_blend_vs_zero_shot,4,2,mvtec_score_blend_shot4_seed2_vs_zero,0.8633533394838345,0.8951140963359127,0.03176075685207813,0.021383573395791517,0.04316111362653745,0.6552462526766595,0.5096359743040685,-0.145610278372591,-0.24646680942184154,-0.07061027837259097
mvtec,score_blend_vs_fused,4,2,mvtec_score_blend_shot4_seed2_vs_fused,0.8792209516482095,0.8951140963359127,0.015893144687703198,0.007946104247590596,0.024942722039333672,0.5310492505353319,0.5096359743040685,-0.021413276231263434,-0.08570663811563166,0.025695931477516035
visa_full,fused_vs_zero_shot,1,0,visa_full_fused_shot1_seed0_vs_zero,0.7366649341649342,0.7493988218988219,0.012733887733887728,-0.016841389466389443,0.04384106462231456,0.7900207900207901,0.8596673596673596,0.06964656964656957,0.009329521829521807,0.1383835758835759
visa_full,fused_vs_zero_shot,1,1,visa_full_fused_shot1_seed1_vs_zero,0.7366649341649342,0.7765514553014553,0.039886521136521136,0.011687781531531525,0.06606273821898821,0.7900207900207901,0.7920997920997921,0.0020790020790020236,-0.09256756756756754,0.07905405405405407
visa_full,fused_vs_zero_shot,1,2,visa_full_fused_shot1_seed2_vs_zero,0.7366649341649342,0.7650194906444906,0.028354556479556425,0.0006649991337491704,0.054453807172557156,0.7900207900207901,0.8492723492723493,0.05925155925155923,-0.009407484407484373,0.10712058212058216
visa_full,fused_vs_zero_shot,2,0,visa_full_fused_shot2_seed0_vs_zero,0.7366649341649342,0.7517662855162855,0.015101351351351378,-0.007748332467082355,0.04225524081774079,0.7900207900207901,0.8523908523908524,0.062370062370062374,-0.011512474012474029,0.1070686070686071
visa_full,fused_vs_zero_shot,2,1,visa_full_fused_shot2_seed1_vs_zero,0.7366649341649342,0.7489414414414415,0.012276507276507309,-0.010303447678447625,0.033898626992376966,0.7900207900207901,0.8336798336798337,0.043659043659043606,-0.007354469854469868,0.09462058212058216
visa_full,fused_vs_zero_shot,2,2,visa_full_fused_shot2_seed2_vs_zero,0.7366649341649342,0.7748700623700624,0.038205128205128225,0.010275922557172603,0.06100519750519757,0.7900207900207901,0.8326403326403327,0.042619542619542594,-0.019750519750519672,0.10192307692307688
visa_full,fused_vs_zero_shot,4,0,visa_full_fused_shot4_seed0_vs_zero,0.7366649341649342,0.7689769577269577,0.03231202356202356,0.005009940228690234,0.06123237179487177,0.7900207900207901,0.8284823284823285,0.038461538461538436,-0.038565488565488526,0.10088357588357587
visa_full,fused_vs_zero_shot,4,1,visa_full_fused_shot4_seed1_vs_zero,0.7366649341649342,0.7539050589050589,0.017240124740124707,-0.00752622574497577,0.04017253551628551,0.7900207900207901,0.8440748440748441,0.05405405405405406,-0.015644490644490663,0.09984407484407486
visa_full,fused_vs_zero_shot,4,2,visa_full_fused_shot4_seed2_vs_zero,0.7366649341649342,0.7619274081774082,0.025262474012474057,-0.0011236356548856713,0.0459445382882883,0.7900207900207901,0.843035343035343,0.053014553014552934,0.002053014553014611,0.11330561330561328
visa_full,score_blend_vs_zero_shot,1,0,visa_full_score_blend_shot1_seed0_vs_zero,0.7366649341649342,0.8094170131670132,0.07275207900207903,0.05842729989604985,0.08942149601524602,0.7900207900207901,0.761954261954262,-0.028066528066528096,-0.10914760914760913,0.03334199584199586
visa_full,score_blend_vs_fused,1,0,visa_full_score_blend_shot1_seed0_vs_fused,0.7493988218988219,0.8094170131670132,0.0600181912681913,0.041911295911295936,0.07554658264033262,0.8596673596673596,0.761954261954262,-0.09771309771309766,-0.1777806652806653,-0.03422557172557168
visa_full,score_blend_vs_zero_shot,1,1,visa_full_score_blend_shot1_seed1_vs_zero,0.7366649341649342,0.8109546084546084,0.07428967428967426,0.062141242203742265,0.08803564622314626,0.7900207900207901,0.7671517671517671,-0.022869022869022926,-0.0708160083160083,0.02809251559251563
visa_full,score_blend_vs_fused,1,1,visa_full_score_blend_shot1_seed1_vs_fused,0.7765514553014553,0.8109546084546084,0.03440315315315312,0.016600680006930026,0.04916099272349273,0.7920997920997921,0.7671517671517671,-0.02494802494802495,-0.07276507276507271,0.043685031185031246
visa_full,score_blend_vs_zero_shot,1,2,visa_full_score_blend_shot1_seed2_vs_zero,0.7366649341649342,0.8086365211365212,0.07197158697158701,0.059007189882189844,0.08806284650034656,0.7900207900207901,0.7588357588357588,-0.031185031185031242,-0.08835758835758833,0.031288981288981256
visa_full,score_blend_vs_fused,1,2,visa_full_score_blend_shot1_seed2_vs_fused,0.7650194906444906,0.8086365211365212,0.043617030492030584,0.02850538158350668,0.05848331384268882,0.8492723492723493,0.7588357588357588,-0.09043659043659047,-0.1477650727650727,-0.01962058212058201
visa_full,score_blend_vs_zero_shot,2,0,visa_full_score_blend_shot2_seed0_vs_zero,0.7366649341649342,0.8067117117117117,0.07004677754677757,0.05362935291060291,0.0822670651420651,0.7900207900207901,0.7422037422037422,-0.047817047817047875,-0.09579002079002077,0.00319646569646574
visa_full,score_blend_vs_fused,2,0,visa_full_score_blend_shot2_seed0_vs_fused,0.7517662855162855,0.8067117117117117,0.054945426195426195,0.038414241164241185,0.0704734927234927,0.8523908523908524,0.7422037422037422,-0.11018711018711025,-0.16330561330561327,-0.0518711018711018
visa_full,score_blend_vs_zero_shot,2,1,visa_full_score_blend_shot2_seed1_vs_zero,0.7366649341649342,0.803214656964657,0.06654972279972282,0.053255717255717275,0.08069607588357587,0.7900207900207901,0.7525987525987526,-0.037422037422037424,-0.09371101871101864,0.02752079002079019
visa_full,score_blend_vs_fused,2,1,visa_full_score_blend_shot2_seed1_vs_fused,0.7489414414414415,0.803214656964657,0.05427321552321551,0.03845205301455299,0.07016601697851697,0.8336798336798337,0.7525987525987526,-0.08108108108108103,-0.13721413721413722,-0.011434511434511463
visa_full,score_blend_vs_zero_shot,2,2,visa_full_score_blend_shot2_seed2_vs_zero,0.7366649341649342,0.8117316354816355,0.07506670131670135,0.06286547124047122,0.08919923769923767,0.7900207900207901,0.7484407484407485,-0.04158004158004158,-0.11954261954261958,0.013617463617463722
visa_full,score_blend_vs_fused,2,2,visa_full_score_blend_shot2_seed2_vs_fused,0.7748700623700624,0.8117316354816355,0.03686157311157312,0.02366053794178795,0.05041974185724184,0.8326403326403327,0.7484407484407485,-0.08419958419958418,-0.15280665280665273,-0.019724532224532246
visa_full,score_blend_vs_zero_shot,4,0,visa_full_score_blend_shot4_seed0_vs_zero,0.7366649341649342,0.8084831947331947,0.07181826056826057,0.06082746448371451,0.0865338704088705,0.7900207900207901,0.7879417879417879,-0.0020790020790021346,-0.055145530145530225,0.045790020790020806
visa_full,score_blend_vs_fused,4,0,visa_full_score_blend_shot4_seed0_vs_fused,0.7689769577269577,0.8084831947331947,0.03950623700623701,0.02558166580041584,0.05489678620928613,0.8284823284823285,0.7879417879417879,-0.04054054054054057,-0.08316008316008316,0.012474012474012475
visa_full,score_blend_vs_zero_shot,4,1,visa_full_score_blend_shot4_seed1_vs_zero,0.7366649341649342,0.804292273042273,0.06762733887733885,0.05428202962577954,0.0816266242203743,0.7900207900207901,0.7723492723492723,-0.017671517671517756,-0.06860706860706856,0.02822245322245318
visa_full,score_blend_vs_fused,4,1,visa_full_score_blend_shot4_seed1_vs_fused,0.7539050589050589,0.804292273042273,0.05038721413721414,0.03608935377685377,0.06672308125433125,0.8440748440748441,0.7723492723492723,-0.07172557172557181,-0.11962058212058214,-0.0166060291060291
visa_full,score_blend_vs_zero_shot,4,2,visa_full_score_blend_shot4_seed2_vs_zero,0.7366649341649342,0.8083238045738046,0.07165887040887042,0.05780089223839214,0.08494146309771315,0.7900207900207901,0.7681912681912682,-0.021829521829521914,-0.06140852390852392,0.02609147609147609
visa_full,score_blend_vs_fused,4,2,visa_full_score_blend_shot4_seed2_vs_fused,0.7619274081774082,0.8083238045738046,0.04639639639639637,0.02849374133749129,0.060697137040887056,0.843035343035343,0.7681912681912682,-0.07484407484407485,-0.12060810810810811,-0.024922037422037416
