dataset,shot,seed,max_prototypes,alpha,topk_fraction,device,num_classes,prototype_count,prototype_dim,prototype_memory_mb,build_seconds,num_measured_images,eval_seconds_total,seconds_per_image_mean,seconds_per_image_std,images_per_second,cuda_peak_memory_mb
visa_full,1,0,128,0.25,0.001,cuda,12,1536,768,4.5,1.9529330851510167,300,0.9009758168831468,0.0030032527229438225,0.0002477476967840026,332.97231110800044,20.65185546875
visa_full,1,0,256,0.25,0.001,cuda,12,3072,768,9.0,0.04534576181322336,300,0.8896972136572003,0.0029656573788573344,0.00030825837958929045,337.1933680300248,25.15185546875
visa_full,1,0,512,0.25,0.001,cuda,12,6144,768,18.0,0.05060243792831898,300,0.8961809286847711,0.0029872697622825703,0.00023598904219219717,334.7538319525254,35.52685546875
visa_full,1,0,1024,0.25,0.001,cuda,12,12288,768,36.0,0.0648907208815217,300,0.9016701690852642,0.0030055672302842142,0.00019377685098563322,332.7158979922194,54.35302734375
visa_full,1,1,128,0.25,0.001,cuda,12,1536,768,4.5,0.03702704515308142,300,0.8434913624078035,0.0028116378746926786,0.00023875441365555185,355.6645786432591,20.65185546875
visa_full,1,1,256,0.25,0.001,cuda,12,3072,768,9.0,0.04358201753348112,300,0.895025777630508,0.0029834192587683598,0.0002235921079063264,335.18587676236575,25.15185546875
visa_full,1,1,512,0.25,0.001,cuda,12,6144,768,18.0,0.04976706299930811,300,0.8900303645059466,0.002966767881686489,0.0001919642932026854,337.0671518229933,35.52685546875
visa_full,1,1,1024,0.25,0.001,cuda,12,12288,768,36.0,0.06424696277827024,300,0.9148489153012633,0.0030494963843375445,0.00020308378508643814,327.9229990683312,54.35302734375
visa_full,1,2,128,0.25,0.001,cuda,12,1536,768,4.5,0.03695660550147295,300,0.8637045016512275,0.0028790150055040915,0.00017433553166323543,347.34101701040225,20.65185546875
visa_full,1,2,256,0.25,0.001,cuda,12,3072,768,9.0,0.04323416482657194,300,0.8906723475083709,0.002968907825027903,0.00020579278214825832,336.82419897647094,25.15185546875
visa_full,1,2,512,0.25,0.001,cuda,12,6144,768,18.0,0.05102450866252184,300,0.8997758813202381,0.002999252937734127,0.00032429941516486717,333.41636092735786,35.52685546875
visa_full,1,2,1024,0.25,0.001,cuda,12,12288,768,36.0,0.06486083380877972,300,0.9318114761263132,0.0031060382537543775,0.0002202453162287042,321.95353640325095,54.35302734375
visa_full,2,0,128,0.25,0.001,cuda,12,1536,768,4.5,0.06263522803783417,300,0.8633288647979498,0.0028777628826598327,0.00020108014830793092,347.49214607832073,20.65185546875
visa_full,2,0,256,0.25,0.001,cuda,12,3072,768,9.0,0.06804502196609974,300,0.8781184079125524,0.0029270613597085077,0.00020181036626258295,341.6395753656443,25.15185546875
visa_full,2,0,512,0.25,0.001,cuda,12,6144,768,18.0,0.07643100060522556,300,0.8824177077040076,0.0029413923590133587,0.00019200871851484367,339.9750451297947,35.52685546875
visa_full,2,0,1024,0.25,0.001,cuda,12,12288,768,36.0,0.08973981160670519,300,0.9028080767020583,0.003009360255673528,0.00021814710168114074,332.29653980931874,54.35302734375
visa_full,2,1,128,0.25,0.001,cuda,12,1536,768,4.5,0.0616867421194911,300,0.9204142782837152,0.003068047594279051,0.0003847063356688278,325.9401848474213,20.65185546875
visa_full,2,1,256,0.25,0.001,cuda,12,3072,768,9.0,0.06953684892505407,300,0.8543297415599227,0.0028477658051997423,0.00016551210520273843,351.15247123695974,25.15185546875
visa_full,2,1,512,0.25,0.001,cuda,12,6144,768,18.0,0.0786272631958127,300,0.904006527736783,0.0030133550924559436,0.00018978295714728653,331.8560107647255,35.52685546875
visa_full,2,1,1024,0.25,0.001,cuda,12,12288,768,36.0,0.09126475732773542,300,0.925337272696197,0.0030844575756539903,0.00019610960821129969,324.2061125732852,54.35302734375
visa_full,2,2,128,0.25,0.001,cuda,12,1536,768,4.5,0.031981827691197395,300,0.8592281369492412,0.002864093789830804,0.0001492815785307876,349.150577243867,20.65185546875
visa_full,2,2,256,0.25,0.001,cuda,12,3072,768,9.0,0.036459218710660934,300,0.9280023938044906,0.0030933413126816352,0.0002616963758644941,323.2750281711055,25.15185546875
visa_full,2,2,512,0.25,0.001,cuda,12,6144,768,18.0,0.04318032134324312,300,0.9097428461536765,0.0030324761538455883,0.00020567712796873904,329.76351643585565,35.52685546875
visa_full,2,2,1024,0.25,0.001,cuda,12,12288,768,36.0,0.05600349511951208,300,0.9202581876888871,0.0030675272922962905,0.00021094073557260484,325.99546954688043,54.35302734375
visa_full,4,0,128,0.25,0.001,cuda,12,1536,768,4.5,0.12261839956045151,300,0.9189955880865455,0.0030633186269551516,0.00024977564277045523,326.44335172994084,20.65185546875
visa_full,4,0,256,0.25,0.001,cuda,12,3072,768,9.0,0.12359537556767464,300,0.9359609298408031,0.0031198697661360105,0.00024465929858130556,320.5261997966376,25.15185546875
visa_full,4,0,512,0.25,0.001,cuda,12,6144,768,18.0,0.13111948780715466,300,0.9132061107084155,0.0030440203690280518,0.00023914956726726219,328.5129134399641,35.52685546875
visa_full,4,0,1024,0.25,0.001,cuda,12,12288,768,36.0,0.15210102312266827,300,0.9199927942827344,0.003066642647609115,0.0002184348873842559,326.08951055306125,54.35302734375
visa_full,4,1,128,0.25,0.001,cuda,12,1536,768,4.5,0.11796391755342484,300,0.8916272204369307,0.0029720907347897687,0.00026637519237625843,336.46348285888894,20.65185546875
visa_full,4,1,256,0.25,0.001,cuda,12,3072,768,9.0,0.1241125725209713,300,0.9327534260228276,0.0031091780867427586,0.000234316047627751,321.6284085700672,25.15185546875
visa_full,4,1,512,0.25,0.001,cuda,12,6144,768,18.0,0.1341553283855319,300,0.937772280536592,0.00312590760178864,0.00025678806335797494,319.9070885613514,35.52685546875
visa_full,4,1,1024,0.25,0.001,cuda,12,12288,768,36.0,0.14980120304971933,300,0.9150734199211001,0.0030502447330703337,0.00022255548571584822,327.84254625805517,54.35302734375
visa_full,4,2,128,0.25,0.001,cuda,12,1536,768,4.5,0.12178813572973013,300,0.8869162388145924,0.002956387462715308,0.00020416937701540002,338.25065645541105,20.65185546875
visa_full,4,2,256,0.25,0.001,cuda,12,3072,768,9.0,0.1258921716362238,300,0.9184814626350999,0.0030616048754503328,0.0002385280439925898,326.6260803340632,25.15185546875
visa_full,4,2,512,0.25,0.001,cuda,12,6144,768,18.0,0.13112882059067488,300,0.914899917319417,0.0030496663910647235,0.0002215197969894445,327.9047186701861,35.52685546875
visa_full,4,2,1024,0.25,0.001,cuda,12,12288,768,36.0,0.15291475038975477,300,0.9244903074577451,0.0030816343581924837,0.00024324810793241867,324.50313170396527,54.35302734375
