shot,class_name,num_runs,baseline_image_auroc,baseline_normal_fpr_at_95_tpr,calibration_image_auroc_mean,calibration_image_auroc_std,delta_image_auroc_mean,delta_image_auroc_std,calibration_normal_fpr_at_95_tpr_mean,calibration_normal_fpr_at_95_tpr_std,delta_normal_fpr_at_95_tpr_mean,delta_normal_fpr_at_95_tpr_std,num_normals,num_anomalies
1,bottle,3,0.8904761904761904,0.6,0.867989417989418,0.019574931993318435,-0.022486772486772482,0.019574931993318435,0.6,0.04999999999999999,3.700743415417188e-17,0.04999999999999999,20,63
1,cable,3,0.7814842578710645,0.6206896551724138,0.8031609195402298,0.01735642688269898,0.021676661669165414,0.017356426882698985,0.6149425287356322,0.055423280235591704,-0.00574712643678162,0.055423280235591704,58,92
1,capsule,3,0.947746310331073,0.30434782608695654,0.7198510836324957,0.050885877671440136,-0.22789522669857734,0.05088587767144013,0.8695652173913043,0.08695652173913043,0.5652173913043478,0.08695652173913043,23,109
1,carpet,3,1.0,0.0,0.9981273408239701,0.0006129716017865333,-0.0018726591760299671,0.0006129716017865333,0.0,0.0,0.0,0.0,28,89
1,grid,3,0.9766081871345029,0.047619047619047616,0.9585073795600111,0.009896605761023053,-0.0181008075744918,0.009896605761023053,0.20634920634920637,0.14547859349066158,0.15873015873015872,0.14547859349066158,21,57
1,hazelnut,3,0.965,0.2,0.9070238095238095,0.029373416877299396,-0.05797619047619044,0.029373416877299396,0.4083333333333334,0.12332207155790621,0.20833333333333334,0.12332207155790621,40,70
1,leather,3,0.9949048913043478,0.0,1.0,0.0,0.005095108695652217,0.0,0.0,0.0,0.0,0.0,32,92
1,metal_nut,3,0.8973607038123167,0.5454545454545454,0.8541870316063864,0.06794681492108348,-0.04317367220593027,0.06794681492108348,0.6060606060606061,0.18370235837851728,0.06060606060606064,0.18370235837851728,22,93
1,pill,3,0.8663393344244408,0.6538461538461539,0.8813420621931259,0.006291632621206119,0.015002727768685276,0.006291632621206119,0.6025641025641025,0.08006407690254357,-0.05128205128205132,0.08006407690254357,26,141
1,screw,3,0.8370567739290838,0.5609756097560976,0.6360593017694883,0.009303319292583608,-0.20099747215959554,0.009303319292583608,0.9105691056910569,0.07451342593424132,0.3495934959349593,0.07451342593424132,41,119
1,tile,3,0.9834054834054834,0.06060606060606061,0.9577922077922078,0.00885860689596585,-0.025613275613275605,0.00885860689596585,0.15151515151515152,0.08017428215347244,0.0909090909090909,0.08017428215347244,33,84
1,toothbrush,3,0.8416666666666667,0.5833333333333334,0.9555555555555556,0.011111111111111127,0.11388888888888889,0.011111111111111127,0.19444444444444442,0.04811252243246882,-0.388888888888889,0.048112522432468836,12,30
1,transistor,3,0.8083333333333333,0.8166666666666667,0.7665277777777777,0.05145341294514588,-0.041805555555555575,0.05145341294514588,0.7555555555555555,0.06309898162000305,-0.06111111111111108,0.06309898162000305,60,40
1,wood,3,0.9736842105263158,0.21052631578947367,0.9751461988304094,0.01197403229792003,0.0014619883040935349,0.011974032297920028,0.2631578947368421,0.10526315789473684,0.05263157894736842,0.10526315789473684,19,60
1,zipper,3,0.9401260504201681,0.25,0.9091386554621849,0.03931452708071836,-0.030987394957983156,0.03931452708071836,0.4895833333333333,0.17769502197116646,0.23958333333333334,0.17769502197116646,32,119
2,bottle,3,0.8904761904761904,0.6,0.846031746031746,0.03849001794597502,-0.0444444444444444,0.03849001794597502,0.65,0.17320508075688773,0.050000000000000024,0.17320508075688773,20,63
2,cable,3,0.7814842578710645,0.6206896551724138,0.7545602198900551,0.07186007233010004,-0.026924037981009508,0.07186007233010003,0.6206896551724138,0.1580198515502014,-1.850371707708594e-17,0.1580198515502014,58,92
2,capsule,3,0.947746310331073,0.30434782608695654,0.7146656029783274,0.07716541610052402,-0.2330807073527457,0.07716541610052402,0.8115942028985508,0.06641414050660639,0.5072463768115941,0.06641414050660639,23,109
2,carpet,3,1.0,0.0,0.9963884430176565,0.0026313958765256757,-0.003611556982343537,0.0026313958765256757,0.011904761904761904,0.020619652471058063,0.011904761904761904,0.020619652471058063,28,89
2,grid,3,0.9766081871345029,0.047619047619047616,0.9604566972988025,0.009164289987136894,-0.0161514898357004,0.009164289987136894,0.17460317460317457,0.07273929674533079,0.12698412698412698,0.07273929674533079,21,57
2,hazelnut,3,0.965,0.2,0.9127380952380952,0.01828882971972257,-0.05226190476190473,0.01828882971972257,0.4083333333333334,0.05773502691896257,0.20833333333333334,0.05773502691896256,40,70
2,leather,3,0.9949048913043478,0.0,1.0,0.0,0.005095108695652217,0.0,0.0,0.0,0.0,0.0,32,92
2,metal_nut,3,0.8973607038123167,0.5454545454545454,0.8758553274682307,0.03592957174875677,-0.021505376344086002,0.03592957174875677,0.5303030303030303,0.18924236358783023,-0.015151515151515119,0.18924236358783025,22,93
2,pill,3,0.8663393344244408,0.6538461538461539,0.8991634842698671,0.026013151694681495,0.03282414984542644,0.026013151694681495,0.4615384615384616,0.15384615384615385,-0.1923076923076923,0.15384615384615385,26,141
2,screw,3,0.8370567739290838,0.5609756097560976,0.6605178656828585,0.017008389872533444,-0.1765389082462253,0.017008389872533444,0.894308943089431,0.037256712967120686,0.3333333333333333,0.03725671296712068,41,119
2,tile,3,0.9834054834054834,0.06060606060606061,0.967051467051467,0.010231158379704565,-0.016354016354016343,0.010231158379704565,0.1313131313131313,0.04628864338339232,0.0707070707070707,0.04628864338339233,33,84
2,toothbrush,3,0.8416666666666667,0.5833333333333334,0.9564814814814815,0.008929306260178694,0.11481481481481477,0.008929306260178693,0.27777777777777773,0.0481125224324688,-0.30555555555555564,0.0481125224324688,12,30
2,transistor,3,0.8083333333333333,0.8166666666666667,0.76375,0.0258299728997148,-0.04458333333333334,0.0258299728997148,0.6944444444444443,0.03469443332443553,-0.12222222222222223,0.03469443332443553,60,40
2,wood,3,0.9736842105263158,0.21052631578947367,0.9777777777777777,0.009702140364349134,0.004093567251461964,0.009702140364349134,0.22807017543859645,0.10956136839295434,0.017543859649122806,0.10956136839295434,19,60
2,zipper,3,0.9401260504201681,0.25,0.9120273109243698,0.037591065603763706,-0.028098739495798292,0.037591065603763706,0.5416666666666666,0.19094065395649332,0.2916666666666667,0.19094065395649332,32,119
4,bottle,3,0.8904761904761904,0.6,0.8346560846560847,0.04485589965962063,-0.05582010582010577,0.04485589965962063,0.7166666666666667,0.028867513459481315,0.11666666666666665,0.028867513459481315,20,63
4,cable,3,0.7814842578710645,0.6206896551724138,0.8166541729135433,0.018065357870955846,0.035169915042478794,0.018065357870955846,0.603448275862069,0.06216467716317225,-0.017241379310344862,0.06216467716317225,58,92
4,capsule,3,0.947746310331073,0.30434782608695654,0.7560164871692594,0.08001990561547948,-0.1917298231618136,0.08001990561547948,0.7971014492753623,0.05020437123388054,0.49275362318840576,0.05020437123388054,23,109
4,carpet,3,1.0,0.0,0.9967897271268057,0.0028937008631331656,-0.0032102728731942345,0.0028937008631331656,0.011904761904761904,0.020619652471058063,0.011904761904761904,0.020619652471058063,28,89
4,grid,3,0.9766081871345029,0.047619047619047616,0.9793929267613478,0.007298993273228134,0.002784739626844853,0.007298993273228134,0.047619047619047616,0.0,0.0,0.0,21,57
4,hazelnut,3,0.965,0.2,0.8951190476190476,0.0511379852694156,-0.06988095238095234,0.0511379852694156,0.4666666666666666,0.12583057392117916,0.26666666666666666,0.12583057392117916,40,70
4,leather,3,0.9949048913043478,0.0,1.0,0.0,0.005095108695652217,0.0,0.0,0.0,0.0,0.0,32,92
4,metal_nut,3,0.8973607038123167,0.5454545454545454,0.8831867057673509,0.038123167155425186,-0.014173998044965774,0.038123167155425186,0.5757575757575757,0.05248638810814781,0.030303030303030314,0.05248638810814781,22,93
4,pill,3,0.8663393344244408,0.6538461538461539,0.8913438807055828,0.02131212033771498,0.025004546281142053,0.02131212033771498,0.5128205128205129,0.08006407690254354,-0.14102564102564105,0.08006407690254354,26,141
4,screw,3,0.8370567739290838,0.5609756097560976,0.5908314545330328,0.0609239459784854,-0.24622531939605108,0.0609239459784854,0.9186991869918698,0.07840366472351996,0.35772357723577225,0.07840366472351996,41,119
4,tile,3,0.9834054834054834,0.06060606060606061,0.9594757094757095,0.011208446558663787,-0.023929773929773912,0.011208446558663787,0.15151515151515152,0.10925912955951482,0.0909090909090909,0.10925912955951482,33,84
4,toothbrush,3,0.8416666666666667,0.5833333333333334,0.9629629629629629,0.02566001196398334,0.12129629629629628,0.025660011963983338,0.08333333333333333,0.08333333333333333,-0.5,0.08333333333333331,12,30
4,transistor,3,0.8083333333333333,0.8166666666666667,0.7788888888888889,0.02647172670633356,-0.029444444444444457,0.02647172670633356,0.6833333333333332,0.028867513459481253,-0.13333333333333333,0.02886751345948125,60,40
4,wood,3,0.9736842105263158,0.21052631578947367,0.9769005847953216,0.00786218108757233,0.003216374269005821,0.00786218108757233,0.1929824561403509,0.12154742509255279,-0.017543859649122806,0.12154742509255279,19,60
4,zipper,3,0.9401260504201681,0.25,0.9131652661064426,0.019380062322102987,-0.026960784313725467,0.019380062322102983,0.4895833333333333,0.07864410870073699,0.23958333333333334,0.07864410870073697,32,119
