dataset,shot,seed,zero_threshold,num_normals,corrected_zero_fp,introduced_new_fp,persistent_fp,stable_true_negative,corrected_rate,introduced_rate,net_fixed_threshold_fp_delta,candidate_path
MVTec,1,0,0.10107616186141968,467,0,161,306,0,0.0,0.34475374732334046,0.34475374732334046,runs\mvtec_final512\calib_shot1_seed0_alpha0.25_proto512\metrics.json
MVTec,1,1,0.10107616186141968,467,0,161,306,0,0.0,0.34475374732334046,0.34475374732334046,runs\mvtec_final512\calib_shot1_seed1_alpha0.25_proto512\metrics.json
MVTec,1,2,0.10107616186141968,467,0,161,306,0,0.0,0.34475374732334046,0.34475374732334046,runs\mvtec_final512\calib_shot1_seed2_alpha0.25_proto512\metrics.json
MVTec,2,0,0.10107616186141968,467,0,161,306,0,0.0,0.34475374732334046,0.34475374732334046,runs\mvtec_final512\calib_shot2_seed0_alpha0.25_proto512\metrics.json
MVTec,2,1,0.10107616186141968,467,0,161,306,0,0.0,0.34475374732334046,0.34475374732334046,runs\mvtec_final512\calib_shot2_seed1_alpha0.25_proto512\metrics.json
MVTec,2,2,0.10107616186141968,467,0,161,306,0,0.0,0.34475374732334046,0.34475374732334046,runs\mvtec_final512\calib_shot2_seed2_alpha0.25_proto512\metrics.json
MVTec,4,0,0.10107616186141968,467,0,161,306,0,0.0,0.34475374732334046,0.34475374732334046,runs\mvtec_final512\calib_shot4_seed0_alpha0.25_proto512\metrics.json
MVTec,4,1,0.10107616186141968,467,0,161,306,0,0.0,0.34475374732334046,0.34475374732334046,runs\mvtec_final512\calib_shot4_seed1_alpha0.25_proto512\metrics.json
MVTec,4,2,0.10107616186141968,467,0,161,306,0,0.0,0.34475374732334046,0.34475374732334046,runs\mvtec_final512\calib_shot4_seed2_alpha0.25_proto512\metrics.json
VisA,1,0,0.21867325231432916,962,0,202,760,0,0.0,0.20997920997921,0.20997920997921,runs\visa_full\topk_sweep_shot1_seed0_alpha0.25_proto512\metrics.json
VisA,1,1,0.21867325231432916,962,0,202,760,0,0.0,0.20997920997921,0.20997920997921,runs\visa_full\topk_sweep_shot1_seed1_alpha0.25_proto512\metrics.json
VisA,1,2,0.21867325231432916,962,0,202,760,0,0.0,0.20997920997921,0.20997920997921,runs\visa_full\topk_sweep_shot1_seed2_alpha0.25_proto512\metrics.json
VisA,2,0,0.21867325231432916,962,0,202,760,0,0.0,0.20997920997921,0.20997920997921,runs\visa_full\topk_sweep_shot2_seed0_alpha0.25_proto512\metrics.json
VisA,2,1,0.21867325231432916,962,0,202,760,0,0.0,0.20997920997921,0.20997920997921,runs\visa_full\topk_sweep_shot2_seed1_alpha0.25_proto512\metrics.json
VisA,2,2,0.21867325231432916,962,0,202,760,0,0.0,0.20997920997921,0.20997920997921,runs\visa_full\topk_sweep_shot2_seed2_alpha0.25_proto512\metrics.json
VisA,4,0,0.21867325231432916,962,0,202,760,0,0.0,0.20997920997921,0.20997920997921,runs\visa_full\topk_sweep_shot4_seed0_alpha0.25_proto512\metrics.json
VisA,4,1,0.21867325231432916,962,0,202,760,0,0.0,0.20997920997921,0.20997920997921,runs\visa_full\topk_sweep_shot4_seed1_alpha0.25_proto512\metrics.json
VisA,4,2,0.21867325231432916,962,0,202,760,0,0.0,0.20997920997921,0.20997920997921,runs\visa_full\topk_sweep_shot4_seed2_alpha0.25_proto512\metrics.json
